{
  "module_names": [
    {
      "branches": 0,
      "branches_missing": 0,
      "branches_partial": 0,
      "coverage": 100,
      "lines": [],
      "lines_not_covered": [],
      "module": "",
      "sum_lines": 0,
      "sum_lines_not_covered": 0
    },
    {
      "branches": 0,
      "branches_missing": 0,
      "branches_partial": 0,
      "coverage": 90.0,
      "lines": [
        3,
        5,
        6,
        7,
        9,
        10,
        12,
        14,
        15,
        16
      ],
      "lines_not_covered": [
        16
      ],
      "module": "uc3m_money.account_management_exception",
      "sum_lines": 10,
      "sum_lines_not_covered": 1
    },
    {
      "branches": 0,
      "branches_missing": 0,
      "branches_partial": 0,
      "coverage": 88.88888888888889,
      "lines": [
        2,
        3,
        4,
        6,
        7,
        8,
        9,
        12,
        15,
        22,
        23,
        24,
        25,
        26,
        27,
        28,
        29,
        31,
        32,
        34,
        36,
        46,
        47,
        49,
        51,
        52,
        53,
        55,
        56,
        58,
        60,
        61,
        62,
        64,
        65,
        67,
        68,
        69,
        70,
        72,
        73,
        75,
        76,
        77,
        78,
        80,
        81,
        83,
        84,
        85,
        86,
        88,
        89,
        91,
        92,
        93,
        94,
        96,
        97,
        99,
        101,
        102,
        104
      ],
      "lines_not_covered": [
        53,
        62,
        70,
        78,
        86,
        94,
        99
      ],
      "module": "uc3m_money.transfer_request",
      "sum_lines": 63,
      "sum_lines_not_covered": 7
    },
    {
      "branches": 0,
      "branches_missing": 0,
      "branches_partial": 0,
      "coverage": 83.33333333333333,
      "lines": [
        2,
        3,
        5,
        8,
        11,
        14,
        15,
        16,
        17,
        18,
        19,
        21,
        23,
        30,
        32,
        36,
        37,
        39,
        41,
        42,
        43,
        45,
        46,
        48,
        49,
        50,
        51,
        53,
        54,
        56,
        57,
        58,
        59,
        62,
        63,
        65
      ],
      "lines_not_covered": [
        39,
        43,
        48,
        51,
        56,
        59
      ],
      "module": "uc3m_money.account_deposit",
      "sum_lines": 36,
      "sum_lines_not_covered": 6
    },
    {
      "branches": 0,
      "branches_missing": 0,
      "branches_partial": 0,
      "coverage": 100.0,
      "lines": [
        3,
        4,
        5,
        6,
        7
      ],
      "lines_not_covered": [],
      "module": "uc3m_money",
      "sum_lines": 5,
      "sum_lines_not_covered": 0
    },
    {
      "branches": 20,
      "branches_missing": 1,
      "branches_partial": 1,
      "coverage": 90.0,
      "lines": [
        2,
        3,
        4,
        5,
        6,
        10,
        11,
        13,
        14,
        17,
        19,
        20,
        23,
        36,
        38,
        45,
        47,
        48,
        54,
        56,
        58,
        59,
        60,
        61,
        62,
        63,
        64,
        66,
        68,
        69,
        70,
        71,
        72,
        73,
        74,
        75,
        76,
        77,
        78,
        79,
        81,
        82,
        83,
        84,
        85,
        86,
        87,
        88,
        89,
        91,
        93,
        94,
        95,
        96,
        97,
        98,
        99,
        102,
        103,
        104,
        105,
        106,
        109,
        110,
        111,
        112,
        113,
        115,
        116,
        117,
        119,
        121,
        123,
        125,
        126,
        127,
        128,
        129,
        130,
        131,
        133,
        135,
        138,
        139,
        140,
        141,
        142,
        143,
        144,
        145,
        148,
        150,
        151,
        152,
        153,
        154,
        156,
        157,
        158,
        159,
        160,
        162,
        165,
        166,
        168,
        169,
        170,
        171,
        172,
        173
      ],
      "lines_not_covered": [
        61,
        62,
        63,
        64,
        97,
        128,
        129,
        130,
        131,
        171,
        172
      ],
      "module": "uc3m_money.account_manager",
      "sum_lines": 110,
      "sum_lines_not_covered": 11
    },
    {
      "branches": 0,
      "branches_missing": 0,
      "branches_partial": 0,
      "coverage": 100.0,
      "lines": [
        2,
        3,
        4,
        5,
        6,
        7,
        8
      ],
      "lines_not_covered": [],
      "module": "uc3m_money.account_management_config",
      "sum_lines": 7,
      "sum_lines_not_covered": 0
    },
    {
      "branches": 0,
      "branches_missing": 0,
      "branches_partial": 0,
      "coverage": 100,
      "lines": [],
      "lines_not_covered": [],
      "module": "uc3m_money.data",
      "sum_lines": 0,
      "sum_lines_not_covered": 0
    },
    {
      "branches": 0,
      "branches_missing": 0,
      "branches_partial": 0,
      "coverage": 100.0,
      "lines": [
        1,
        2,
        4,
        5,
        6,
        7,
        8
      ],
      "lines_not_covered": [],
      "module": "uc3m_money.data.attr.transfer_type",
      "sum_lines": 7,
      "sum_lines_not_covered": 0
    },
    {
      "branches": 2,
      "branches_missing": 0,
      "branches_partial": 0,
      "coverage": 78.94736842105263,
      "lines": [
        1,
        2,
        3,
        5,
        6,
        7,
        8,
        10,
        12,
        13,
        14,
        15,
        16,
        17,
        18,
        20,
        21,
        22,
        23
      ],
      "lines_not_covered": [
        6,
        7,
        8,
        23
      ],
      "module": "uc3m_money.data.attr.attribute",
      "sum_lines": 19,
      "sum_lines_not_covered": 4
    },
    {
      "branches": 2,
      "branches_missing": 0,
      "branches_partial": 0,
      "coverage": 100.0,
      "lines": [
        1,
        2,
        4,
        5,
        6,
        7,
        8,
        10,
        11,
        12,
        13,
        15,
        16,
        19,
        22,
        25,
        28,
        30,
        35,
        38,
        41,
        43,
        45,
        47
      ],
      "lines_not_covered": [],
      "module": "uc3m_money.data.attr.iban_code",
      "sum_lines": 24,
      "sum_lines_not_covered": 0
    },
    {
      "branches": 0,
      "branches_missing": 0,
      "branches_partial": 0,
      "coverage": 100,
      "lines": [],
      "lines_not_covered": [],
      "module": "uc3m_money.data.attr",
      "sum_lines": 0,
      "sum_lines_not_covered": 0
    },
    {
      "branches": 0,
      "branches_missing": 0,
      "branches_partial": 0,
      "coverage": 100.0,
      "lines": [
        1,
        3,
        4,
        5,
        6,
        7
      ],
      "lines_not_covered": [],
      "module": "uc3m_money.data.attr.concept",
      "sum_lines": 6,
      "sum_lines_not_covered": 0
    },
    {
      "branches": 4,
      "branches_missing": 0,
      "branches_partial": 0,
      "coverage": 100.0,
      "lines": [
        1,
        2,
        3,
        5,
        6,
        7,
        8,
        9,
        11,
        12,
        14,
        15,
        16,
        17,
        19,
        20,
        22,
        23,
        24
      ],
      "lines_not_covered": [],
      "module": "uc3m_money.data.attr.transfer_date",
      "sum_lines": 19,
      "sum_lines_not_covered": 0
    }
  ],
  "overall_branch_coverage": 96.42857142857143,