{
  "module_names": [
    {
      "branches": 0,
      "branches_missing": 0,
      "branches_partial": 0,
      "coverage": 100,
      "lines": [],
      "lines_not_covered": [],
      "module": "",
      "sum_lines": 0,
      "sum_lines_not_covered": 0
    },
    {
      "branches": 0,
      "branches_missing": 0,
      "branches_partial": 0,
      "coverage": 90.0,
      "lines": [
        3,
        5,
        6,
        7,
        9,
        10,
        12,
        14,
        15,
        16
      ],
      "lines_not_covered": [
        16
      ],
      "module": "uc3m_money.account_management_exception",
      "sum_lines": 10,
      "sum_lines_not_covered": 1
    },
    {
      "branches": 0,
      "branches_missing": 0,
      "branches_partial": 0,
      "coverage": 88.13559322033899,
      "lines": [
        2,
        3,
        4,
        6,
        9,
        16,
        17,
        18,
        19,
        20,
        21,
        22,
        23,
        25,
        26,
        28,
        30,
        40,
        41,
        43,
        45,
        46,
        47,
        49,
        50,
        52,
        54,
        55,
        56,
        58,
        59,
        61,
        62,
        63,
        64,
        66,
        67,
        69,
        70,
        71,
        72,
        74,
        75,
        77,
        78,
        79,
        80,
        82,
        83,
        85,
        86,
        87,
        88,
        90,
        91,
        93,
        95,
        96,
        98
      ],
      "lines_not_covered": [
        47,
        56,
        64,
        72,
        80,
        88,
        93
      ],
      "module": "uc3m_money.transfer_request",
      "sum_lines": 59,
      "sum_lines_not_covered": 7
    },
    {
      "branches": 0,
      "branches_missing": 0,
      "branches_partial": 0,
      "coverage": 82.85714285714286,
      "lines": [
        2,
        3,
        5,
        8,
        11,
        12,
        13,
        14,
        15,
        16,
        18,
        20,
        27,
        29,
        33,
        34,
        36,
        38,
        39,
        40,
        42,
        43,
        45,
        46,
        47,
        48,
        50,
        51,
        53,
        54,
        55,
        56,
        59,
        60,
        62
      ],
      "lines_not_covered": [
        36,
        40,
        45,
        48,
        53,
        56
      ],
      "module": "uc3m_money.account_deposit",
      "sum_lines": 35,
      "sum_lines_not_covered": 6
    },
    {
      "branches": 0,
      "branches_missing": 0,
      "branches_partial": 0,
      "coverage": 100.0,
      "lines": [
        3,
        4,
        5,
        6,
        7
      ],
      "lines_not_covered": [],
      "module": "uc3m_money",
      "sum_lines": 5,
      "sum_lines_not_covered": 0
    },
    {
      "branches": 34,
      "branches_missing": 1,
      "branches_partial": 1,
      "coverage": 93.67088607594937,
      "lines": [
        2,
        3,
        4,
        5,
        6,
        11,
        12,
        15,
        17,
        18,
        20,
        21,
        31,
        32,
        33,
        34,
        35,
        36,
        38,
        39,
        43,
        46,
        49,
        52,
        54,
        59,
        62,
        65,
        67,
        69,
        71,
        73,
        77,
        79,
        80,
        81,
        83,
        85,
        86,
        87,
        88,
        90,
        91,
        92,
        93,
        95,
        96,
        98,
        99,
        100,
        102,
        110,
        111,
        112,
        113,
        114,
        115,
        117,
        124,
        126,
        127,
        133,
        135,
        137,
        138,
        139,
        140,
        141,
        142,
        143,
        145,
        147,
        148,
        149,
        150,
        151,
        152,
        153,
        154,
        155,
        156,
        157,
        158,
        160,
        161,
        162,
        163,
        164,
        166,
        167,
        168,
        169,
        170,
        171,
        172,
        173,
        174,
        176,
        178,
        181,
        182,
        183,
        184,
        185,
        188,
        189,
        190,
        191,
        192,
        194,
        195,
        196,
        198,
        200,
        202,
        204,
        205,
        206,
        207,
        208,
        209,
        210,
        212,
        215,
        218,
        219,
        220,
        221,
        222,
        223,
        224,
        225,
        228,
        230,
        231,
        232,
        233,
        234,
        236,
        237,
        238,
        239,
        240,
        242,
        246,
        247,
        248,
        249,
        250,
        251,
        252,
        254,
        256,
        257,
        258,
        259,
        260,
        261
      ],
      "lines_not_covered": [
        140,
        141,
        142,
        143,
        207,
        208,
        209,
        210,
        259,
        260
      ],
      "module": "uc3m_money.account_manager",
      "sum_lines": 158,
      "sum_lines_not_covered": 10
    },
    {
      "branches": 0,
      "branches_missing": 0,
      "branches_partial": 0,
      "coverage": 100.0,
      "lines": [
        2,
        3,
        4,
        5,
        6,
        7,
        8
      ],
      "lines_not_covered": [],
      "module": "uc3m_money.account_management_config",
      "sum_lines": 7,
      "sum_lines_not_covered": 0
    }
  ],
  "overall_branch_coverage": 97.05882352941177,
  "overall_branch_partial_coverage": 97.05882352941177,
  "overall_coverage": 91.24087591240875
}