{
  "module_names": [
    {
      "branches": 0,
      "branches_missing": 0,
      "branches_partial": 0,
      "coverage": 100,
      "lines": [],
      "lines_not_covered": [],
      "module": "",
      "sum_lines": 0,
      "sum_lines_not_covered": 0
    },
    {
      "branches": 0,
      "branches_missing": 0,
      "branches_partial": 0,
      "coverage": 90.0,
      "lines": [
        3,
        5,
        6,
        7,
        9,
        10,
        12,
        14,
        15,
        16
      ],
      "lines_not_covered": [
        16
      ],
      "module": "uc3m_money.account_management_exception",
      "sum_lines": 10,
      "sum_lines_not_covered": 1
    },
    {
      "branches": 0,
      "branches_missing": 0,
      "branches_partial": 0,
      "coverage": 88.13559322033899,
      "lines": [
        2,
        3,
        4,
        6,
        9,
        16,
        17,
        18,
        19,
        20,
        21,
        22,
        23,
        25,
        26,
        28,
        30,
        40,
        41,
        43,
        45,
        46,
        47,
        49,
        50,
        52,
        54,
        55,
        56,
        58,
        59,
        61,
        62,
        63,
        64,
        66,
        67,
        69,
        70,
        71,
        72,
        74,
        75,
        77,
        78,
        79,
        80,
        82,
        83,
        85,
        86,
        87,
        88,
        90,
        91,
        93,
        95,
        96,
        98
      ],
      "lines_not_covered": [
        47,
        56,
        64,
        72,
        80,
        88,
        93
      ],
      "module": "uc3m_money.transfer_request",
      "sum_lines": 59,
      "sum_lines_not_covered": 7
    },
    {
      "branches": 0,
      "branches_missing": 0,
      "branches_partial": 0,
      "coverage": 82.85714285714286,
      "lines": [
        2,
        3,
        5,
        8,
        11,
        12,
        13,
        14,
        15,
        16,
        18,
        20,
        27,
        29,
        33,
        34,
        36,
        38,
        39,
        40,
        42,
        43,
        45,
        46,
        47,
        48,
        50,
        51,
        53,
        54,
        55,
        56,
        59,
        60,
        62
      ],
      "lines_not_covered": [
        36,
        40,
        45,
        48,
        53,
        56
      ],
      "module": "uc3m_money.account_deposit",
      "sum_lines": 35,
      "sum_lines_not_covered": 6
    },
    {
      "branches": 0,
      "branches_missing": 0,
      "branches_partial": 0,
      "coverage": 100.0,
      "lines": [
        3,
        4,
        5,
        6,
        7
      ],
      "lines_not_covered": [],
      "module": "uc3m_money",
      "sum_lines": 5,
      "sum_lines_not_covered": 0
    },
    {
      "branches": 34,
      "branches_missing": 1,
      "branches_partial": 1,
      "coverage": 90.1840490797546,
      "lines": [
        2,
        3,
        4,
        5,
        6,
        11,
        12,
        15,
        17,
        18,
        20,
        21,
        31,
        32,
        33,
        34,
        35,
        36,
        38,
        39,
        43,
        46,
        49,
        52,
        54,
        59,
        62,
        65,
        67,
        69,
        71,
        73,
        77,
        79,
        80,
        81,
        83,
        85,
        86,
        87,
        88,
        90,
        91,
        92,
        93,
        95,
        96,
        98,
        99,
        100,
        102,
        110,
        111,
        112,
        113,
        114,
        115,
        116,
        117,
        121,
        122,
        123,
        124,
        126,
        127,
        128,
        129,
        130,
        132,
        133,
        135,
        142,
        143,
        144,
        145,
        146,
        147,
        148,
        150,
        151,
        157,
        159,
        161,
        162,
        163,
        164,
        165,
        166,
        167,
        169,
        171,
        173,
        174,
        175,
        176,
        177,
        178,
        179,
        182,
        183,
        184,
        185,
        186,
        189,
        190,
        191,
        192,
        193,
        195,
        196,
        197,
        199,
        202,
        203,
        204,
        205,
        206,
        207,
        208,
        210,
        212,
        213,
        214,
        215,
        216,
        217,
        218,
        220,
        223,
        226,
        227,
        228,
        229,
        230,
        231,
        232,
        233,
        236,
        238,
        239,
        240,
        241,
        242,
        244,
        245,
        246,
        247,
        248,
        250,
        254,
        255,
        256,
        257,
        258,
        259,
        260,
        262,
        264,
        265,
        266,
        267,
        268,
        269
      ],
      "lines_not_covered": [
        147,
        148,
        164,
        165,
        166,
        167,
        177,
        204,
        207,
        208,
        215,
        216,
        217,
        218,
        267,
        268
      ],
      "module": "uc3m_money.account_manager",
      "sum_lines": 163,
      "sum_lines_not_covered": 16
    },
    {
      "branches": 0,
      "branches_missing": 0,
      "branches_partial": 0,
      "coverage": 100.0,
      "lines": [
        2,
        3,
        4,
        5,
        6,
        7,
        8
      ],
      "lines_not_covered": [],
      "module": "uc3m_money.account_management_config",
      "sum_lines": 7,
      "sum_lines_not_covered": 0
    }
  ],
  "overall_branch_coverage": 97.05882352941177,
  "overall_branch_partial_coverage": 97.05882352941177,
  "overall_coverage": 89.24731182795699
}