{
  "module_names": [
    {
      "branches": 0,
      "branches_missing": 0,
      "branches_partial": 0,
      "coverage": 100,
      "lines": [],
      "lines_not_covered": [],
      "module": "",
      "sum_lines": 0,
      "sum_lines_not_covered": 0
    },
    {
      "branches": 0,
      "branches_missing": 0,
      "branches_partial": 0,
      "coverage": 90.0,
      "lines": [
        3,
        5,
        6,
        7,
        9,
        10,
        12,
        14,
        15,
        16
      ],
      "lines_not_covered": [
        16
      ],
      "module": "uc3m_money.account_management_exception",
      "sum_lines": 10,
      "sum_lines_not_covered": 1
    },
    {
      "branches": 0,
      "branches_missing": 0,
      "branches_partial": 0,
      "coverage": 88.52459016393442,
      "lines": [
        2,
        3,
        4,
        5,
        6,
        9,
        12,
        19,
        20,
        21,
        22,
        23,
        24,
        25,
        26,
        28,
        29,
        31,
        33,
        43,
        44,
        46,
        48,
        49,
        50,
        52,
        53,
        55,
        57,
        58,
        59,
        61,
        62,
        64,
        65,
        66,
        67,
        69,
        70,
        72,
        73,
        74,
        75,
        77,
        78,
        80,
        81,
        82,
        83,
        85,
        86,
        88,
        89,
        90,
        91,
        93,
        94,
        96,
        98,
        99,
        101
      ],
      "lines_not_covered": [
        50,
        59,
        67,
        75,
        83,
        91,
        96
      ],
      "module": "uc3m_money.transfer_request",
      "sum_lines": 61,
      "sum_lines_not_covered": 7
    },
    {
      "branches": 0,
      "branches_missing": 0,
      "branches_partial": 0,
      "coverage": 83.33333333333333,
      "lines": [
        2,
        3,
        5,
        8,
        11,
        14,
        15,
        16,
        17,
        18,
        19,
        21,
        23,
        30,
        32,
        36,
        37,
        39,
        41,
        42,
        43,
        45,
        46,
        48,
        49,
        50,
        51,
        53,
        54,
        56,
        57,
        58,
        59,
        62,
        63,
        65
      ],
      "lines_not_covered": [
        39,
        43,
        48,
        51,
        56,
        59
      ],
      "module": "uc3m_money.account_deposit",
      "sum_lines": 36,
      "sum_lines_not_covered": 6
    },
    {
      "branches": 0,
      "branches_missing": 0,
      "branches_partial": 0,
      "coverage": 100.0,
      "lines": [
        3,
        4,
        5,
        6,
        7
      ],
      "lines_not_covered": [],
      "module": "uc3m_money",
      "sum_lines": 5,
      "sum_lines_not_covered": 0
    },
    {
      "branches": 28,
      "branches_missing": 1,
      "branches_partial": 1,
      "coverage": 91.6030534351145,
      "lines": [
        2,
        3,
        4,
        5,
        6,
        10,
        11,
        13,
        14,
        17,
        19,
        20,
        22,
        26,
        28,
        29,
        30,
        32,
        34,
        35,
        36,
        37,
        39,
        40,
        41,
        42,
        44,
        45,
        47,
        48,
        49,
        51,
        61,
        63,
        64,
        66,
        73,
        75,
        76,
        82,
        84,
        86,
        87,
        88,
        89,
        90,
        91,
        92,
        94,
        96,
        97,
        98,
        99,
        100,
        101,
        102,
        103,
        104,
        105,
        106,
        107,
        109,
        110,
        111,
        112,
        113,
        114,
        115,
        116,
        117,
        119,
        121,
        122,
        123,
        124,
        125,
        126,
        127,
        130,
        131,
        132,
        133,
        134,
        137,
        138,
        139,
        140,
        141,
        143,
        144,
        145,
        147,
        149,
        151,
        153,
        154,
        155,
        156,
        157,
        158,
        159,
        161,
        163,
        166,
        167,
        168,
        169,
        170,
        171,
        172,
        173,
        176,
        178,
        179,
        180,
        181,
        182,
        184,
        185,
        186,
        187,
        188,
        190,
        193,
        194,
        196,
        197,
        198,
        199,
        200,
        201
      ],
      "lines_not_covered": [
        89,
        90,
        91,
        92,
        125,
        156,
        157,
        158,
        159,
        199,
        200
      ],
      "module": "uc3m_money.account_manager",
      "sum_lines": 131,
      "sum_lines_not_covered": 11
    },
    {
      "branches": 0,
      "branches_missing": 0,
      "branches_partial": 0,
      "coverage": 100.0,
      "lines": [
        2,
        3,
        4,
        5,
        6,
        7,
        8
      ],
      "lines_not_covered": [],
      "module": "uc3m_money.account_management_config",
      "sum_lines": 7,
      "sum_lines_not_covered": 0
    },
    {
      "branches": 0,
      "branches_missing": 0,
      "branches_partial": 0,
      "coverage": 100,
      "lines": [],
      "lines_not_covered": [],
      "module": "uc3m_money.data",
      "sum_lines": 0,
      "sum_lines_not_covered": 0
    },
    {
      "branches": 0,
      "branches_missing": 0,
      "branches_partial": 0,
      "coverage": 100.0,
      "lines": [
        1,
        2,
        4,
        5,
        6,
        7,
        8
      ],
      "lines_not_covered": [],
      "module": "uc3m_money.data.attr.transfer_type",
      "sum_lines": 7,
      "sum_lines_not_covered": 0
    },
    {
      "branches": 2,
      "branches_missing": 0,
      "branches_partial": 0,
      "coverage": 78.94736842105263,
      "lines": [
        1,
        2,
        3,
        5,
        6,
        7,
        8,
        10,
        12,
        13,
        14,
        15,
        16,
        17,
        18,
        20,
        21,
        22,
        23
      ],
      "lines_not_covered": [
        6,
        7,
        8,
        23
      ],
      "module": "uc3m_money.data.attr.attribute",
      "sum_lines": 19,
      "sum_lines_not_covered": 4
    },
    {
      "branches": 2,
      "branches_missing": 0,
      "branches_partial": 0,
      "coverage": 100.0,
      "lines": [
        1,
        2,
        4,
        5,
        6,
        7,
        8,
        10,
        11,
        12,
        13,
        15,
        16,
        19,
        22,
        25,
        28,
        30,
        35,
        38,
        41,
        43,
        45,
        47
      ],
      "lines_not_covered": [],
      "module": "uc3m_money.data.attr.iban_code",
      "sum_lines": 24,
      "sum_lines_not_covered": 0
    },
    {
      "branches": 0,
      "branches_missing": 0,
      "branches_partial": 0,
      "coverage": 100,
      "lines": [],
      "lines_not_covered": [],
      "module": "uc3m_money.data.attr",
      "sum_lines": 0,
      "sum_lines_not_covered": 0
    }
  ],
  "overall_branch_coverage": 96.875,
  "overall_branch_partial_coverage": 96.875,
  "overall_coverage": 90.33333333333333
}