{
  "module_names": [
    {
      "branches": 0,
      "branches_missing": 0,
      "branches_partial": 0,
      "coverage": 100,
      "lines": [],
      "lines_not_covered": [],
      "module": "",
      "sum_lines": 0,
      "sum_lines_not_covered": 0
    },
    {
      "branches": 0,
      "branches_missing": 0,
      "branches_partial": 0,
      "coverage": 90.0,
      "lines": [
        3,
        5,
        6,
        7,
        9,
        10,
        12,
        14,
        15,
        16
      ],
      "lines_not_covered": [
        16
      ],
      "module": "uc3m_money.account_management_exception",
      "sum_lines": 10,
      "sum_lines_not_covered": 1
    },
    {
      "branches": 0,
      "branches_missing": 0,
      "branches_partial": 0,
      "coverage": 88.33333333333333,
      "lines": [
        2,
        3,
        4,
        5,
        7,
        10,
        17,
        18,
        19,
        20,
        21,
        22,
        23,
        24,
        26,
        27,
        29,
        31,
        41,
        42,
        44,
        46,
        47,
        48,
        50,
        51,
        53,
        55,
        56,
        57,
        59,
        60,
        62,
        63,
        64,
        65,
        67,
        68,
        70,
        71,
        72,
        73,
        75,
        76,
        78,
        79,
        80,
        81,
        83,
        84,
        86,
        87,
        88,
        89,
        91,
        92,
        94,
        96,
        97,
        99
      ],
      "lines_not_covered": [
        48,
        57,
        65,
        73,
        81,
        89,
        94
      ],
      "module": "uc3m_money.transfer_request",
      "sum_lines": 60,
      "sum_lines_not_covered": 7
    },
    {
      "branches": 0,
      "branches_missing": 0,
      "branches_partial": 0,
      "coverage": 82.85714285714286,
      "lines": [
        2,
        3,
        5,
        8,
        11,
        12,
        13,
        14,
        15,
        16,
        18,
        20,
        27,
        29,
        33,
        34,
        36,
        38,
        39,
        40,
        42,
        43,
        45,
        46,
        47,
        48,
        50,
        51,
        53,
        54,
        55,
        56,
        59,
        60,
        62
      ],
      "lines_not_covered": [
        36,
        40,
        45,
        48,
        53,
        56
      ],
      "module": "uc3m_money.account_deposit",
      "sum_lines": 35,
      "sum_lines_not_covered": 6
    },
    {
      "branches": 0,
      "branches_missing": 0,
      "branches_partial": 0,
      "coverage": 100.0,
      "lines": [
        3,
        4,
        5,
        6,
        7
      ],
      "lines_not_covered": [],
      "module": "uc3m_money",
      "sum_lines": 5,
      "sum_lines_not_covered": 0
    },
    {
      "branches": 30,
      "branches_missing": 1,
      "branches_partial": 1,
      "coverage": 92.02898550724638,
      "lines": [
        2,
        3,
        4,
        5,
        6,
        10,
        12,
        13,
        16,
        18,
        19,
        21,
        25,
        27,
        28,
        29,
        31,
        33,
        34,
        35,
        36,
        38,
        39,
        40,
        41,
        43,
        44,
        46,
        47,
        48,
        50,
        58,
        59,
        60,
        61,
        62,
        63,
        65,
        72,
        74,
        75,
        81,
        83,
        85,
        86,
        87,
        88,
        89,
        90,
        91,
        93,
        95,
        96,
        97,
        98,
        99,
        100,
        101,
        102,
        103,
        104,
        105,
        106,
        108,
        109,
        110,
        111,
        112,
        114,
        115,
        116,
        117,
        118,
        119,
        120,
        121,
        122,
        124,
        126,
        127,
        128,
        129,
        130,
        131,
        132,
        135,
        136,
        137,
        138,
        139,
        142,
        143,
        144,
        145,
        146,
        148,
        149,
        150,
        152,
        154,
        156,
        158,
        159,
        160,
        161,
        162,
        163,
        164,
        166,
        168,
        171,
        172,
        173,
        174,
        175,
        176,
        177,
        178,
        181,
        183,
        184,
        185,
        186,
        187,
        189,
        190,
        191,
        192,
        193,
        195,
        198,
        199,
        201,
        202,
        203,
        204,
        205,
        206
      ],
      "lines_not_covered": [
        88,
        89,
        90,
        91,
        130,
        161,
        162,
        163,
        164,
        204,
        205
      ],
      "module": "uc3m_money.account_manager",
      "sum_lines": 138,
      "sum_lines_not_covered": 11
    },
    {
      "branches": 0,
      "branches_missing": 0,
      "branches_partial": 0,
      "coverage": 100.0,
      "lines": [
        2,
        3,
        4,
        5,
        6,
        7,
        8
      ],
      "lines_not_covered": [],
      "module": "uc3m_money.account_management_config",
      "sum_lines": 7,
      "sum_lines_not_covered": 0
    },
    {
      "branches": 0,
      "branches_missing": 0,
      "branches_partial": 0,
      "coverage": 100,
      "lines": [],
      "lines_not_covered": [],
      "module": "uc3m_money.data",
      "sum_lines": 0,
      "sum_lines_not_covered": 0
    },
    {
      "branches": 2,
      "branches_missing": 0,
      "branches_partial": 0,
      "coverage": 78.94736842105263,
      "lines": [
        1,
        2,
        3,
        5,
        6,
        7,
        8,
        10,
        12,
        13,
        14,
        15,
        16,
        17,
        18,
        20,
        21,
        22,
        23
      ],
      "lines_not_covered": [
        6,
        7,
        8,
        23
      ],
      "module": "uc3m_money.data.attr.attribute",
      "sum_lines": 19,
      "sum_lines_not_covered": 4
    },
    {
      "branches": 2,
      "branches_missing": 0,
      "branches_partial": 0,
      "coverage": 100.0,
      "lines": [
        1,
        2,
        4,
        5,
        6,
        7,
        8,
        10,
        11,
        12,
        13,
        15,
        16,
        19,
        22,
        25,
        28,
        30,
        35,
        38,
        41,
        43,
        45,
        47
      ],
      "lines_not_covered": [],
      "module": "uc3m_money.data.attr.iban_code",
      "sum_lines": 24,
      "sum_lines_not_covered": 0
    },
    {
      "branches": 0,
      "branches_missing": 0,
      "branches_partial": 0,
      "coverage": 100,
      "lines": [],
      "lines_not_covered": [],
      "module": "uc3m_money.data.attr",
      "sum_lines": 0,
      "sum_lines_not_covered": 0
    }
  ],
  "overall_branch_coverage": 97.05882352941177,
  "overall_branch_partial_coverage": 97.05882352941177,
  "overall_coverage": 90.26845637583892
}