{
  "module_names": [
    {
      "branches": 0,
      "branches_missing": 0,
      "branches_partial": 0,
      "coverage": 100,
      "lines": [],
      "lines_not_covered": [],
      "module": "",
      "sum_lines": 0,
      "sum_lines_not_covered": 0
    },
    {
      "branches": 0,
      "branches_missing": 0,
      "branches_partial": 0,
      "coverage": 90.0,
      "lines": [
        3,
        5,
        6,
        7,
        9,
        10,
        12,
        14,
        15,
        16
      ],
      "lines_not_covered": [
        16
      ],
      "module": "uc3m_money.account_management_exception",
      "sum_lines": 10,
      "sum_lines_not_covered": 1
    },
    {
      "branches": 0,
      "branches_missing": 0,
      "branches_partial": 0,
      "coverage": 88.70967741935483,
      "lines": [
        2,
        3,
        4,
        6,
        7,
        8,
        11,
        14,
        21,
        22,
        23,
        24,
        25,
        26,
        27,
        28,
        30,
        31,
        33,
        35,
        45,
        46,
        48,
        50,
        51,
        52,
        54,
        55,
        57,
        59,
        60,
        61,
        63,
        64,
        66,
        67,
        68,
        69,
        71,
        72,
        74,
        75,
        76,
        77,
        79,
        80,
        82,
        83,
        84,
        85,
        87,
        88,
        90,
        91,
        92,
        93,
        95,
        96,
        98,
        100,
        101,
        103
      ],
      "lines_not_covered": [
        52,
        61,
        69,
        77,
        85,
        93,
        98
      ],
      "module": "uc3m_money.transfer_request",
      "sum_lines": 62,
      "sum_lines_not_covered": 7
    },
    {
      "branches": 0,
      "branches_missing": 0,
      "branches_partial": 0,
      "coverage": 83.33333333333333,
      "lines": [
        2,
        3,
        5,
        8,
        11,
        14,
        15,
        16,
        17,
        18,
        19,
        21,
        23,
        30,
        32,
        36,
        37,
        39,
        41,
        42,
        43,
        45,
        46,
        48,
        49,
        50,
        51,
        53,
        54,
        56,
        57,
        58,
        59,
        62,
        63,
        65
      ],
      "lines_not_covered": [
        39,
        43,
        48,
        51,
        56,
        59
      ],
      "module": "uc3m_money.account_deposit",
      "sum_lines": 36,
      "sum_lines_not_covered": 6
    },
    {
      "branches": 0,
      "branches_missing": 0,
      "branches_partial": 0,
      "coverage": 100.0,
      "lines": [
        3,
        4,
        5,
        6,
        7
      ],
      "lines_not_covered": [],
      "module": "uc3m_money",
      "sum_lines": 5,
      "sum_lines_not_covered": 0
    },
    {
      "branches": 26,
      "branches_missing": 1,
      "branches_partial": 1,
      "coverage": 91.2,
      "lines": [
        2,
        3,
        4,
        5,
        6,
        10,
        11,
        13,
        14,
        17,
        19,
        20,
        22,
        24,
        25,
        26,
        27,
        29,
        30,
        31,
        32,
        34,
        35,
        37,
        38,
        39,
        41,
        53,
        54,
        56,
        63,
        65,
        66,
        72,
        74,
        76,
        77,
        78,
        79,
        80,
        81,
        82,
        84,
        86,
        87,
        88,
        89,
        90,
        91,
        92,
        93,
        94,
        95,
        96,
        97,
        99,
        100,
        101,
        102,
        103,
        104,
        105,
        106,
        107,
        109,
        111,
        112,
        113,
        114,
        115,
        116,
        117,
        120,
        121,
        122,
        123,
        124,
        127,
        128,
        129,
        130,
        131,
        133,
        134,
        135,
        137,
        139,
        141,
        143,
        144,
        145,
        146,
        147,
        148,
        149,
        151,
        153,
        156,
        157,
        158,
        159,
        160,
        161,
        162,
        163,
        166,
        168,
        169,
        170,
        171,
        172,
        174,
        175,
        176,
        177,
        178,
        180,
        183,
        184,
        186,
        187,
        188,
        189,
        190,
        191
      ],
      "lines_not_covered": [
        79,
        80,
        81,
        82,
        115,
        146,
        147,
        148,
        149,
        189,
        190
      ],
      "module": "uc3m_money.account_manager",
      "sum_lines": 125,
      "sum_lines_not_covered": 11
    },
    {
      "branches": 0,
      "branches_missing": 0,
      "branches_partial": 0,
      "coverage": 100.0,
      "lines": [
        2,
        3,
        4,
        5,
        6,
        7,
        8
      ],
      "lines_not_covered": [],
      "module": "uc3m_money.account_management_config",
      "sum_lines": 7,
      "sum_lines_not_covered": 0
    },
    {
      "branches": 0,
      "branches_missing": 0,
      "branches_partial": 0,
      "coverage": 100,
      "lines": [],
      "lines_not_covered": [],
      "module": "uc3m_money.data",
      "sum_lines": 0,
      "sum_lines_not_covered": 0
    },
    {
      "branches": 0,
      "branches_missing": 0,
      "branches_partial": 0,
      "coverage": 100.0,
      "lines": [
        1,
        2,
        4,
        5,
        6,
        7,
        8
      ],
      "lines_not_covered": [],
      "module": "uc3m_money.data.attr.transfer_type",
      "sum_lines": 7,
      "sum_lines_not_covered": 0
    },
    {
      "branches": 2,
      "branches_missing": 0,
      "branches_partial": 0,
      "coverage": 78.94736842105263,
      "lines": [
        1,
        2,
        3,
        5,
        6,
        7,
        8,
        10,
        12,
        13,
        14,
        15,
        16,
        17,
        18,
        20,
        21,
        22,
        23
      ],
      "lines_not_covered": [
        6,
        7,
        8,
        23
      ],
      "module": "uc3m_money.data.attr.attribute",
      "sum_lines": 19,
      "sum_lines_not_covered": 4
    },
    {
      "branches": 2,
      "branches_missing": 0,
      "branches_partial": 0,
      "coverage": 100.0,
      "lines": [
        1,
        2,
        4,
        5,
        6,
        7,
        8,
        10,
        11,
        12,
        13,
        15,
        16,
        19,
        22,
        25,
        28,
        30,
        35,
        38,
        41,
        43,
        45,
        47
      ],
      "lines_not_covered": [],
      "module": "uc3m_money.data.attr.iban_code",
      "sum_lines": 24,
      "sum_lines_not_covered": 0
    },
    {
      "branches": 0,
      "branches_missing": 0,
      "branches_partial": 0,
      "coverage": 100,
      "lines": [],
      "lines_not_covered": [],
      "module": "uc3m_money.data.attr",
      "sum_lines": 0,
      "sum_lines_not_covered": 0
    },
    {
      "branches": 0,
      "branches_missing": 0,
      "branches_partial": 0,
      "coverage": 100.0,
      "lines": [
        1,
        3,
        4,
        5,
        6,
        7
      ],
      "lines_not_covered": [],
      "module": "uc3m_money.data.attr.concept",
      "sum_lines": 6,
      "sum_lines_not_covered": 0
    }
  ],
  "overall_branch_coverage": 96.66666666666667,
  "overall_branch_partial_coverage": 96.66666666666667,
  "overall_coverage": 90.36544850498339
}